Workbook

Sheet music
A1: № | B1: author | C1: track | D1: year_of_release | E1: event_connection | F1: ID_event | G1: ID_composer | H1: link
A2: 1 | B2: Николай Яковлевич Мясковский | C2: Симфония № 4 | D2: 1925 | E2: Одно из первых сочинений отечественных композиторов, созданных в России после Октябрьской революции. Сочинялась в Петрограде, когда Мясковский служил в морском генеральном штабе. Была закочена в 1918. Произведение было написано под впечатлением от ужасов Первой Мировой Войны. | F2: 5 | G2: 1 | H2: https://vk.com/audio219385930_456239515_df66423fc9e3ec67be
A3: 2 | B3: Анатолий Константинович Лядов | C3: «Скорбная песнь» | D3: 1914 | E3: Симфоническая картина скорбного характера, созданная в начале войны. Это драмматическая миниатюра, отличающаяся глубокой печалью, созерцательностью и камерностью. | F3: 5 | G3: 22 | H3: https://vk.com/audio169443553_344006825_09cbcb3e2a67b806d8
A4: 3 | B4: Народная песня | C4: «Галицийские поля» | D4: сентябрь 1914 | E4: Солдатская песня-баллада о взятии Галиции и Перемышля. Она повествует о тяжелых боях, текст описывает судьбу солдата, получившего ранения во время битвы. | F4: 9 | H4: https://vk.com/audio84254116_456239741_aa25673fcc4b7ebcc9
A5: 4 | B5: Народная песня | C5: «По долинам и по взгорьям» | D5: 1915 | E5: Мотив этой песни мог родиться еще в 1928 году. Во время Гражданской войны марш исполняли и белые, и красные, и махновцы, конечно же, каждый со своими словами. На нашем сайте представлен вариант Парфенова. | F5: 38 | G5: 9 | H5: https://vk.com/audio474499318_456694503_f2feece30b4fd3c0b4
A6: 5 | B6: Самуил Яковлевич Покрасс | C6: «Марш Буденного» | D6: 1923 | E6: Военный марш Красной Армии в честь бойцов и командиров 1-й Конной армии. Слова марша были написаны в 1920 году, когда СССР еще не существовало, в связи с чем его упоминание не могло появиться ранее 1922 года. Историки пытались отыскать вариант марша времен Гражданской войны, но до сих пор никаких записей и публикаций обнаружить не удалось. | F6: 45 | G6: 9 | H6: https://vk.com/audio-193723819_456239033_2680f13423f8da11e8
A7: 6 | B7: Георгий Васильевич Свиридов | C7: «Время, вперед!» | D7: 1965 | E7: Орекстровая сюита, созданная на основе музыки к одноименному фильму. Она стала заставкой к информационной программе "Время", которая впервые вышла в эфир в 1968. Во время перестройки была заменена как "примета тоталитароного прошлого", но по многочисленным просьбам зрителей произведение вернули в эфир. | F7: 37 | G7: 23 | H7: https://vk.com/audio2000142199_456244953
A8: 7 | B8: Исаак Осипович Дунаевский | C8: «Марш энтузиастов» | D8: 1940 | E8: Советская песня из кинофильма "Светлый путь". Она стала гимном стахановского движения, бодрым маршем эпохи индустриализации и обрела особую популярность в годы Великой Отечественной войны. | F8: 69 | G8: 24 | H8: https://vk.com/audio156750453_456240202_f2bcbe4e95b0353b38
A9: 8 | B9: Александр Васильевич Александров | C9: «Марш индустриализации» | D9: 1929 | E9: Песня призвана отразить масштаб и энтузиазм индустриального строительства в СССР в начале 1930-х годов. | F9: 69 | G9: 25 | H9: https://vk.com/audio19695215_456241744_8aa4ef3440aa7def0f
A10: 9 | B10: Александр Васильевич Александров | C10: «Гимн пятилетки» | D10: 1930 | E10: Агитационный марш эпохи первых пятилеток. Позднее был написан новый текст на эту мелодию и песня получила название "Марш Комсомола". | F10: 69 | G10: 25 | H10: https://vk.com/audio860139665_456239840_b91b0863a3c6663c2c
A11: 11 | B11: Александр Васильевич Александров | C11: «Священная война» | D11: 15155 | E11: Через два дня после начала войны, 24 июня 1941 года, одновременно в газетах «Известия» и «Красная звезда» был опубликован текст песни «Священная война» за подписью известного советского поэта и сталинского лауреата В. И. Лебедева-Кумача. Сразу же после публикации композитор А. В. Александров — будущий автор советского гимна — написал к ней музыку. | F11: 107 | G11: 25 | H11: https://vk.com/audio474499225_456446422_fe68c07ffae33b55f8
A12: 12 | B12: Константин Яковлевич Листов | C12: «В землянке» | D12: 1942 | E12: В 1941 году поэт Алексей Сурков как военный корреспондент участвовал в событиях под Истрой, попал под обстрел и едва выбрался из окружения; под впечатлением пережитого написал стихотворение «В землянке», которое позже в Москве стало песней благодаря композитору Константину Листову и быстро распространилось среди фронтовиков. | F12: 112 | G12: 27 | H12: https://vk.com/audio-103358607_456239024_cfb1bf6dd8196cd86c
A13: 13 | B13: Исаак Осипович Дунаевский | C13: «Дорогая моя столица» («Моя Москва») | D13: 1942 | E13: Советская песня о Москве времён Великой Отечественной войны, произведение родилось как отклик на тяжелые дни обороны города. Песня стала настоящим символом мужества, олицетворяющим стойкость, гордость и любовь к столице. С 14 июля 1995 года — официальный гимн Москвы. | F13: 112 | G13: 24 | H13: https://vk.com/audio40956111_274786834_666be1720632ba0bc6
A14: 14 | B14: Вениамин Ефимович Баснер | C14: «На безымянной высоте» | D14: 1964 | E14: Песня основана на реальном бое 1943 года, где 18 советских солдат под командованием лейтенанта Порошина сражались против превосходящих сил противника; позже поэт Михаил Матусовский вспомнил этот эпизод и использовал его для создания текста, а композитор Вениамин Баснер написал музыку, вдохновившись идеей во время работы над фильмом «Тишина». | F14: 120 | G14: 28 | H14: https://vk.com/audio2000290619_279676532
A15: 15 | B15: Дмитрий Дмитриевич Шостакович | C15: Симфония № 7 «Ленинградская» | D15: 1942 | E15: В начале Великой Отечественной войны композитор пытался попасть на фронт, но был оставлен в Ленинграде, где участвовал в обороне города и начал работу над Седьмой симфонией; сочинение создавалось летом–осенью 1941 года в условиях блокады и было завершено в эвакуации в Куйбышеве в декабре 1941 года. | F15: 111 | G15: 2 | H15: https://vk.com/audio2000251792_456244590
A16: 16 | B16: Александра Николаевна Пахмутова | C16: «Курская дуга» | D16: 2018 | E16: В начале 2018 года Пахмутова с супругом представили новую военную песню «Курская дуга», которую создали для телефильма «Крепкая броня», вышедшего на экраны в мае 2020 года. Это патриотическая песня, посвященная памяти героев решающей битвы Великой Отечественной войны, она прославляет стойкость солдат, выстоявших в "пекле". | F16: 126 | G16: 29 | H16: https://vk.com/audio363516583_456239730_58053bc48e9148ed6a
... A26: 27 | B26: Александра Николаевна Пахмутова | C26: «Песня о тревожной молодости» | D26: 1958 | E26: Популярная русская советская песня, написанная в 1958 году композитором Александрой Пахмутовой и поэтом Львом Ошаниным для кинофильма Фёдора Филиппова «По ту сторону». Лента, снятая по одноимённому роману Виктора Кина, рассказывала о трудной жизни советских комсомольцев двадцатых годов. | F26: 48 | G26: 29 | H26: https://vk.com/audio371745439_456459164_c96e98d5f8f3966a7c
A27: 28 | B27: Матвей Исаакович Блантер | C27: «Футбольный марш» | D27: 1960-е | E27: Марш, написанный советским композитором Матвеем Блантером в 1938 году по просьбе известного спортивного радиокомментатора Вадима Синявского. Традиционно звучал на футбольных матчах в СССР. Ныне звучит на матчах первого, второго и третьего дивизионов чемпионата России, а также некоторых других футбольных турниров на территории бывшего СССР. Также иногда звучит на товарищеских и еврокубковых встречах с участием команд из бывшего СССР. | F27: 165 | G27: 8 | H27: https://vk.com/audio573270837_456239540_43de0f3c05da395548
A28: 29 | B28: Александра Николаевна Пахмутова | C28: «Герои спорта» | D28: 1979 | E28: Песня была написана в 1972 год к XX летним Олимпийским играм в Мюнхене и сразу же обрела огромную популярность. Стадионный гимн, под который советские спортсмены уходили в большой спорт. | F28: 165 | G28: 29 | H28: https://vk.com/audio1055143139_456239049_fa5cc1f4f0818d38f7
A29: 30 | B29: Тихон Николаевич Хренников | C29: «Московские окна» | D29: 1960 | E29: В конце 1950-х композитор написал мелодию для фильма, но она не была использована и осталась без слов; в 1960 году певец Леонид Утёсов услышал её, поэт Михаил Матусовский написал текст, и песня «Московские окна» быстро стала популярной. | F29: 167 | G29: 34 | H29: https://vk.com/audio474499250_456435122_902df6dcfd5afaf7eb
A30: 31 | B30: Василий Павлович Соловьёв-Седой | C30: «Если бы парни всей земли» | D30: 1957 | E30: Главный гимн VI Всемирного фестиваля молодежи и студентов в Москве. Она была написана под впечатлением от одноименного французксого фильма. Она выражает утопический, но стратсный призыв к объединению молодежи ради мира и дружбы. Произведения является символом эпохи оттепели. | F30: 167 | G30: 18 | H30: https://vk.com/audio371745450_456429821_2c6a8055baf965e30f
A31: 32 | B31: Анатолий Григорьевич Новиков | C31: «Гимн демократической молодёжи мира» | D31: 1947 | E31: Эта песня была написана под впечталением о расстреле студентов Афинского университета, уклонившихся от призыва в монархическую армию во время Гражданской войны. Произведение получило мировую известность и признание как гимн Всемирной федерации демократической молодёжи. | F31: 167 | G31: 35 | H31: https://vk.com/audio371745442_456490688_8fca67565eaf11af4f
A32: 33 | B32: Юз Алешковский | C32: «Песня о Сталине» | D32: 1977 | E32: Песня «Товарищ Сталин» стала популярной в студенческой среде 1960-х годов, распространяясь неофициально; её авторство долго считалось народным. Она возникла на основе лагерного опыта автора и сочетает народные мотивы с сатирой на советскую действительность и образ Сталина. | F32: 160 | G32: 36 | H32: https://vk.com/audio28554025_456239182_c0b478435213f44a30
A33: 34 | B33: Александра Николаевна Пахмутова | C33: «До свидания, Москва» | D33: 1980 | E33: За несколько месяцев до начала Олимпиады-80 Александре Пахмутовой и Николаю Добронравову заказали написать лирическую песню-прощание на закрытие Олимпийских игр. В сценарии закрытия Олимпиады-80 в месте исполнения финальной песни стояла ремарка режиссера Иосифа Туманова: «Весь зал плачет». Пахмутова и Добронравов на это ответили: «Заплачет, если написано». | F33: 221 | G33: 29 | H33: https://vk.com/audio91911585_456239498_e1dc11b30fe22a160b
A34: 35 | C34: «Опять тревога» | D34: 1981 | E34: В 1980-е годы в Афганской войне сформировалось особое песенное творчество военнослужащих: популярны были «песни-переделки» на основе фронтовых и известных мелодий, которые быстро распространялись среди солдат и стали важной частью воинской культуры. | F34: 192 | H34: https://vk.com/audio474499190_456484220_6c1ca650fa251834a7
A35: 36 | B35: Дмитрий Дмитриевич Шостакович | C35: «Заря Октября» | D35: 1957 | E35: Советская патриотическая песня, воспевающая успехи социалистического труда и верность ленинским иделям. Текст фокусируется на торжестве советской власти, победу героев труда. | F35: 21 | G35: 2 | H35: https://vk.com/audio474499216_456765149_8415307bdbef51e636
A36: 38 | B36: Юрий Иванович Кирсанов | C36: «Кукушка» | D36: 1981 | E36: Песня «Кукушка» была создана на основе стихотворения Виктора Кочеткова (1961), которое Юрий Кирсанов переработал во время службы в Афганистане, добавив новые строки и музыку; она быстро стала популярной среди солдат, превратилась в неофициальный «гимн афганцев» и долгое время воспринималась как народная. | F36: 192 | G36: 37 | H36: https://vk.com/audio137499075_155020893_c395f41e52be5a34e1
A37: 39 | B37: Илья Алексеевич Шатров | C37: Вальс «На сопках Маньчжурии» | D37: 1906 | E37: Русский вальс, посвященный погибшим в Русско-японской войне воинам 214-го резервного Мошканского пехотного полка. В феврале 1904 полк попал в японское окружение, в критический этап командир отдал приказ "Знамя и оркестр - вперед!". Капельмейстер под колонный марш повел оркестр вперед за знаменем полка. Воодушевленные солдаты ринулись в штыковую атаку. В ходе боя полк ценой огромных потерь прорвал окружение. | F37: 1 | G37: 3 | H37: https://vk.com/audio64516024_456239383_b62d39ee69be705fbc
A38: 40 | B38: Василий Дмитриевич Беневский | C38: «Плещут холодные волны» | D38: 1904 | E38: Во время Русско-японской войны произошло сражение крейсера русского флота "Варяг" и канонерской лодки "Кореец" против четырнадцати русских судов в бухте Чемульпо. Русские корабли, получив сильные повреждения, не могли продолжить бой. Было принято решение взровать суда, чтобы они не достались противнику. | F38: 1 | G38: 4 | H38: https://vk.com/audio102073550_456239087_22a0e8972ce2eeee74
A39: 41 | B39: Алексей Сергеевич Турищев | C39: «Врагу не сдаётся наш гордый „Варяг“» | D39: 1904 | E39: Во время Русско-японской войны произошло сражение крейсера русского флота "Варяг" и канонерской лодки "Кореец" против четырнадцати русских судов в бухте Чемульпо. Русские корабли, получив сильные повреждения, не могли продолжить бой. Было принято решение взровать суда, чтобы они не достались противнику. | F39: 1 | G39: 5 | H39: https://vk.com/audio2000247208_456240024
A40: 42 | B40: Владимир Германович Богораз | C40: «В далеком Цусимском проливе» | E40: Песня времён Русско-японской войны, рассказывающая о Цусимском сражении, в котором Русский флот потерпел сокрушительное поражение от Японского (были потеряны более 20 военных кораблей, убито более 5 тысяч военнослужащих; более 6 тысяч было взято в плен). Цусимское сражение, как и вся Русско-японская война воспринималась как яркий пример предательства интересов государства и народа со стороны генералитета и высокопоставленных царских чиновников. | F40: 1 | G40: 6 | H40: https://vk.com/audio510397187_456239580_16d68b7b1ba01aecb4
A41: 43 | B41: Василий Иванович Агапкин | C41: Марш "Прощание славянки" | D41: 1912 | E41: Марш отличается простой, напевной мелодией и чёткой структурой, основанной на классических гармониях; в нём прослеживается влияние произведений Бетховена и Чайковского, а также, возможно, народных песен времён Русско-японской войны, что способствовало его широкой популярности. Марш остался популярен после Октябрьской революции, особенно в Белом движении. Есть неподтвержденные сведения, что марш звучал во время парада 7 ноября 1941 года. | F41: 1 | G41: 7 | H41: https://vk.com/audio371745446_456574222_0a036903bd7571e67b
A42: 44 | B42: Автор неизвестен | C42: «Гибель "Стерегущего"» | D42: 1904 | E42: В отличие от подвига "Варяга", успешный бой команды "Стерегущего" не был мистификацией. Миноносцы "Решительный" и "Стерегущий" 13 февраля 1904 г. (по старому стилю) дали бой четырем японским кораблям. "Решительный" прорвался, "Стерегущий" не смог и сражался до последнего человека и снаряда. Все командиры погибли. Из всего экипажа в живых осталось только четверо нижних чинов. По легенде, когда японцы взяли разбитый "Стерегущий" на буксир, двое уцелевших матросов открыли кингстоны и затопили миноносец. "Стерегущему" поставлен памятник в Петербурге в Алексеевском парке у Петропавловской крепости. | F42: 1 | H42: https://vk.com/audio254816892_456239565_6b232dbbc011642eb4
A43: 45 | B43: Автор неизвестен | C43: «Порт-Артур»: Кантата «Героям Порт-Артура» | D43: 1905 | E43: Торжественное произведение, посвященное мужеству русских солдат и офицеров, защищавших крепость Порт-Артур во время Русско-Японской войны 1904-1905 года. Кантата носит возвышенный, торжественно-траурный характер, сочетая в себе элементы реквиема по погибшим и оды в честь выживших героев. | F43: 1 | H43: https://vk.com/audio157889175_456240999_aabe8e05a7509e0d06
A44: 46 | B44: Самуил Яковлевич Покрасс | C44: «Красная Армия всех сильней» | D44: 1920 | E44: Песня является откликом на события, происзодившие летом 1920 года. На территорию РСФРС началось наступление из Крыма Русской армии генерала Врангеля. Изначально она была написана для войск Киевского военного округа. В печати появилась лишь в 1925 году. | F44: 45 | G44: 9 | H44: https://vk.com/audio474499147_456535735_0a11ffd6c6a4b1ee1e
A45: 47 | B45: Томас Пефферман | C45: Ночь и Холод | D45: 1933 | E45: Песня о побежденной Западнорусской Добровольческой армии, которая сражалась против РСФСР вместе с Фрайкором (Железная дивизия) в Прибалтике в 1918—1919 годах. Западнорусская Добровольческая армия состояла из освобожденных русских военнопленных и была создана Германской империей до конца войны. | F45: 40 | G45: 10
A46: 48 | B46: Виктор Аркадьевич Белый | C46: «Орлёнок» | D46: 1936 | E46: Песня написана к спектаклю Театра имени Моссовета "Хлопчик", изначально написана на Идише. Сюжет спектакля повествует о событиях Гражданской войны на территории Беларуси. В спектакле песня "Орленок" была гимном отряда красноармейцев. | F46: 46 | G46: 11 | H46: https://vk.com/audio546742552_456239848_c7f2c9f7f226863bab
A47: 49 | B47: Матвей Исаакович Блантер | C47: «Песня о Щорсе» | D47: 1935 | E47: Советская песня, посвящённая начальнику дивизии Красной армии времён Гражданской войны в России Николаю Щорсу. Текст был сочинен очевидцем Гражданоской войны на Украине Михаилом Голодным. | F47: 45 | G47: 8 | H47: https://vk.com/audio371745454_456433084_7e0a73b9ac2bc62146
A48: 50 | B48: Максимилиан Осеевич Штейнберг | C48: «Смело мы в бой пойдём» | D48: 1910 | E48: В 1910-е годы на слова Александра Васильевича Колчака «Белой акации гроздья душистые» М. Штейнбергом был написан романс. Во время Первой мировой войны появилась солдатская песня «Слыхали, деды, война началася…». После революции песня была переработана и появилось два варианта: "Марш белой армии" и рожденную от него первую советскую песню - "Смело мы в бой пойдем за власть Советов". Уже в 1919 году варианты были широко известны. | F48: 5 | G48: 12 | H48: https://vk.com/audio474499268_456428922_74c549994fa4303b52
A49: 51 | B49: Александр Васильевич Александров | C49: «Там вдали, за рекой» | D49: 1924 | E49: Популярная советская песня, которая повествует о сражении отряда буденновских войск в ходе Гражданской войны. Она исполнялась в качестве строевой, поскольку новых красноармейских песен в то время было мало. | F49: 43 | G49: 25 | H49: https://vk.com/audio339418809_456239129_5bcf59aa5529ace988
A50: 52 | B50: Александр Николаевич Вертинский | C50: «То, что я должен сказать» | D50: 1917 | E50: Александр Вертинский написал романс «То, что я должен сказать» вскоре после Октябрьской революции. Сейчас наиболее широко распространено мнение, что песня посвящена юнкерам, погибшим в Москве во время Октябрьского вооруженного восстания 1917 года. Песня полна сочуствия к врагам большевиков. | F50: 21 | G50: 14 | H50: https://vk.com/audio371745430_456441438_e161692e4a6effa5a6
A51: 53 | B51: Народная песня | C51: «Яблочко» | D51: 1910-е | E51: Песня-частушка, популярная среди революционных солдат во время Гражданской войны в России. Известна многочисленными вариантами текстов, ее пели и белые, и красные, и зеленые, и анархисты. Со временем "Яблочко" сало своеборазным матросским гимном, который потом переродился в матросский танец. | H51: https://vk.com/audio474499182_456711332_17d782183828b682b1
A52: 54 | B52: Евгений Григорьевич Мартынов | C52: «Баллада о матери» | D52: 1974 | E52: Стихотворение «Баллада о матери» было написано Андреем Дементьевым под впечатлением истории о женщине, узнавшей пропавшего сына в хронике; позже Евгений Мартынов положил его на музыку, и песня стала популярной, особенно в исполнении Софии Ротару. | F52: 107 | G52: 16 | H52: https://vk.com/audio10267942_456241823_0082b7fd7dce1eb61b
A53: 55 | B53: Валентин Сергеевич Левашов | C53: «Бери шинель, пошли домой» | D53: 1975 | E53: Песня «Бери шинель, пошли домой» была написана Булатом Окуджавой в 1975 году для фильма «От зари до зари», позже её использовал Леонид Быков в фильме «Аты-баты, шли солдаты…», после чего она получила широкую популярность. Она стала своеобразным гимном возвращения к мирной жизни, повестующим о переживаниях солдат, вдов и матерей | F53: 107 | G53: 17 | H53: https://vk.com/audio474499260_456361732_44ac2f7d986335b6e1
A54: 56 | B54: Рафаил Матвеевич Хозак | C54: «Вечный огонь» | D54: 1971 | E54: Текст песни был написан Евгением Аграновичем по личной просьбе Владимира Рогового, по настоянию режиссёра текст должен был написать непременно фронтовик. Песня впервые была исполнена в фильме Владимиром Златоустовским, вторым режиссёром, в 1971 году (издана в 1980 году в его же исполнении на грампластинке «Ты припомни, Россия, как всё это было», где она значится как «Песня из к/ф "Офицеры"»). Более известна по первой строке «От героев былых времён…». | F54: 107 | G54: 15 | H54: https://vk.com/audio527195705_456239373_be46c6a0d5b31a8c3a
A55: 57 | B55: Матвей Исаакович Блантер | C55: Враги сожгли родную хату | D55: 1946 | E55: Советская песня. Автор музыки — Матвей Блантер, автор слов — Михаил Исаковский. Широкую известность получила в исполнении Марка Бернеса, и позже вошла в репертуар многих известных исполнителей. Одна из самых популярных песен о Великой Отечественной войне, проникнутая острым драматическим и трагическим настроением. В песне описывается ситуация возвращения солдата с войны домой. Но дом сожжён, и жена погибла. В текст встроен пронзительный монолог солдата над могилой супруги, построенный как его обращение к ней. | F55: 107 | G55: 8 | H55: https://vk.com/audio371745446_456388493_17495a5d416f51ba2d
A56: 58 | B56: Василий Павлович Соловьёв-Седой | C56: «Где же вы теперь, друзья-однополчане?» | D56: 1947 | E56: Песня «Где же вы теперь, друзья-однополчане?» была написана в 1947 году после встречи композитора с фронтовиками, вошла в цикл «Сказ о солдате» и быстро стала самой популярной его частью, широко исполнялась и получила признание слушателей. | F56: 107 | G56: 18 | H56: https://vk.com/audio371745443_456428244_93f4385cff84326119
A57: 59 | B57: Валерий Александрович Гаврилин | C57: «Два брата» | D57: 1974 | E57: Песня (баллада) для фортепиано и голоса советского композитора Валерия Гаврилина, созданная в 1974 году. Повествует о братской любви и человеческой жертвенности. Первоначально композитор написал музыку к так и не снятому фильму по сценарию Василия Шукшина, а затем обратился к поэту Виктору Максимову, чтобы тот написал текст на основе музыки песни. В 1976 году композитор переработал песню в версию для голоса в сопровождении симфонического оркестра. В 1980 году за вокально-инструментальные произведения «Земля», «Военные письма» и вокально-симфоническую балладу «Два брата» Гаврилину была присуждена Премия Ленинского комсомола. Критика отмечала, что баллада отличается от популярной массовой песни своими художественными достоинствами, приближаясь к классической музыке. | F57: 107 | G57: 19 | H57: https://vk.com/audio170880604_456239090_f1c1c21ba1f0835fe5
A58: 60 | B58: Давид Фёдорович Тухманов | C58: «День Победы» | D58: 1975 | E58: Песня композитора Давида Тухманова на слова Владимира Харитонова о Дне Победы. Непременный знаковый атрибут торжеств по поводу 9 мая — Дня Победы в Великой Отечественной войне не только в России, но и странах СНГ. Строевая песня в советской и российской армии. Широкую известность получила также аранжировка музыкальной композиции в виде торжественного марша для духового оркестра. | F58: 107 | G58: 20 | H58: https://vk.com/audio474499161_456368319_19422c7f304797dfda
A59: 61 | B59: Ян Абрамович Френкель | C59: «Журавли» | D59: 1969 | E59: Одна из самых популярных в России и во всем мире песен о войне. Слова этой песни, имели конкретный адрес - миллионам павших, не вернушвихся с полей сражений Отечественной войны. | F59: 107 | G59: 21 | H59: https://vk.com/audio371745431_456311997_47bfa2332333b5326e
A60: 62 | B60: Марк Григорьевич Фрадкин | C60: За того парня | D60: 1971 | E60: Песня композитора Марка Фрадкина на слова поэта Роберта Рождественского, посвящённая Великой Отечественной войне. Впервые прозвучала в художественном фильме «Минута молчания», вышедшем на экран в 1971 году. Слова «за себя и за того парня», звучащие в песне, стали трудовым лозунгом, использовавшимся в СССР в преддверии 30-летия победы в Великой Отечественной войне, а затем закрепились в качестве фразеологизма, употребляющегося как в патриотическом ключе, так и для ироничного или неодобрительного обозначения вынужденной работы за других. | F60: 107 | G60: 26 | H60: https://vk.com/audio474499212_456368259_e2b4abd0f6197b0523
A61: 63
A62: 64
A63: 65
A64: 66
A65: 67
A66: 68
A67: 69
A68: 70
A69: 71
A70: 72
A71: 73
A72: 74
... A152: 154

Sheet composers
A1: № | B1: ФИО | C1: Дата рождения | D1: Дата смерти | E1: Основные факты
A2: 1 | B2: =music!B2 -> Николай Яковлевич Мясковский | C2: 08.04.1881 | D2: 18452 | E2: Русский и советский композитор, педагог, один из главных создателей советской симфонической школы. Написал 27 симфоний, отличающихся глубокой психологичностью, за что получил прозвание «совесть московских композиторов». Народный артист СССР, профессор, лауреат пяти Сталинских премий.
A3: 2 | B3: =music!B22 -> Дмитрий Дмитриевич Шостакович | C3: 2447 | D3: 27615 | E3: Советский композитор, пианист и педагог, один из крупнейших музыкантов XX века. В 19 лет прославился Первой симфонией. Автор 15 симфоний, включая знаменитую «блокадную» Седьмую, опер и квартетов. Его творчество отмечено драматизмом, сложными отношениями с властями СССР и мировым признанием
A4: 3 | B4: =music!B37 -> Илья Алексеевич Шатров | C4: 01.04.1879 | D4: 19116 | E4: Российский и советский военный музыкант, капельмейстер, композитор, гвардии майор. Участвовал в обоих мировых войнах.
A5: 4 | B5: Василий Дмитриевич Беневский | C5: 02.08.1867 | D5: 11290 | E5: Российский композитор, хоровой дирижер и педагог в духовной семинарии, сыгравший ключевую роль в развитии музыкальной культуры Ставрополья. Последнее десятилетие жизни подвергался преследованиям со стороны советской власти, посколько был церковнослужителем.
A6: 5 | B6: =music!B39 -> Алексей Сергеевич Турищев | C6: 13.03.1888 | D6: 22693 | E6: Композитор, военный, преподаватель Пензенского музыкального училища. Ветеран Первой мировой и Гражданской войн.
A7: 6 | B7: =music!B40 -> Владимир Германович Богораз | C7: 13.03.1865 | D7: 13280 | E7: Российский этнограф, лингвист, писатель и революционер, известный исследованиями народов Севера (чукчей, эскимосов). Участник народнического движения, провел 10 лет в ссылке на Колыме. Был профессором, музееведом и одним из создателей письменности народов Севера, псевдоним — Тан.
A8: 7 | B8: =music!B41 -> Василий Иванович Агапкин | C8: 03.02.1884 | D8: 23679 | E8: Русский и советский военный дирижёр, композитор, полковник. Родился в Рязанской губернии в крестьянской семье, рано осиротел, воспитывался как музыкант в полковых оркестрах. В 1912 году, будучи трубачом в Тамбове, написал марш-символ проводов на войну.
A9: 8 | B9: Матвей Исаакович Блантер | C9: 1137 | D9: 33143 | E9: Советский композитор, народный артист СССР, автор музыки более 2000 песен, включая легендарную «Катюшу» и «Футбольный марш». Быстро прославился в 1920-х годах эстрадными произведениями. В годы Великой Отечественной войны писал патриотические песни.
A10: 9 | B10: =music!B44 -> Самуил Яковлевич Покрасс | C10: 1897 | D10: 14411 | E10: Советский композитор, пианист и дирижёр, Народный артист СССР (1975). Один из создателей жанра советской массовой песни.
A11: 10 | B11: =music!B45 -> Томас Пефферман
A12: 11 | B12: =music!B46 -> Виктор Аркадьевич Белый | C12: 1475 | D12: 30381 | E12: Советский композитор, музыкально-общественный деятель и педагог. Заслуженный деятель искусств БССР (1944), лауреат Сталинской премии (1952). Активный участник РАПМ, внёс значительный вклад в развитие советской массовой песни.
A13: 12 | B13: =music!B48 -> Максимилиан Осеевич Штейнберг | C13: 22.06.1883 | D13: 17142 | E13: Русский и советский композитор, педагог и дирижер, профессор (с 1915 г.) и декан композиторского факультета Ленинградской консерватории. Ученик и зять Н.А. Римского-Корсакова, он воспитал целую плеяду композиторов, включая Д.Д. Шостаковича, Ю.А. Шапорина и В.В. Щербачева.
A14: 14 | B14: =music!B50 -> Александр Николаевич Вертинский | C14: 09.03.1889 | D14: 20961 | E14: Русский и советский эстрадный артист, кумир эстрады первой половины XX века, киноактер, композитор и поэт, создавший уникальный жанр песен-новелл. Легендарный шансонье, прославившийся образом «грустного Пьеро», большую часть жизни провел в эмиграции, но вернулся в СССР, где продолжал активно выступать
A15: 15 | B15: Рафаил Матвеевич Хозак | C15: 10291 | D15: 32687 | E15: Выпускник училища при Московской консерватории и института имени Гнесиных (класс Н. И. Пейко). Известен как автора музыки к фильму "Офицеры", а также значительного числа произведений на еврейскую тему.
A16: 16 | B16: =music!B52 -> Евгений Григорьевич Мартынов | C16: 17675 | D16: 33119 | E16: Популярный советский эстрадный певец и композитор, лауреат премии Ленинского комсомола. Известен своими мелодичными песнями («Лебединая верность», «Яблони в цвету»), звонким баритональным тенором и участием в «Песне года».
A17: 17 | B17: =music!B53 -> Валентин Сергеевич Левашов | C17: 5684 | D17: 34582 | E17: Советский композитор, хоровой дирижер и общественный деятель, получивший звание Народного артиста СССР в 1985 году. Он вошел в историю как мастер патриотической песни и собиратель русского фольклора.
A18: 18 | B18: Василий Павлович Соловьёв-Седой | C18: 2659 | D18: 29191 | E18: Выдающийся советский композитор, пианист, народный артист СССР (1967) и Герой Социалистического Труда (1975). Родился в Петербурге, работал тапёром, окончил Ленинградскую консерваторию. Автор более 400 песен, включая «Подмосковные вечера», «Вечер на рейде» и «Соловьи», а также музыки к фильмам. Санкт-Петербургская филармония
A19: 19 | B19: Валерий Александрович Гаврилин | C19: 14474 | D19: 36188 | E19: Советский и российский композитор, народный артист РСФСР (1985), лауреат Государственных премий. Автор музыки к фильмам, балетов («Анюта», «Женитьба Бальзаминова»), симфонических и хоровых произведений, камерной музыки, в том числе «Перезвоны» и «Русская тетрадь». Его творчество отличается народным характером, душевностью и лиризмом
A20: 20 | B20: Давид Фёдорович Тухманов | C20: 14812 | E20: Советский и российский композитор, пианист, народный артист РФ. Автор знаковых эстрадных хитов («День Победы», «Эти глаза напротив») и концептуальных альбомов («По волне моей памяти»). Один из самых влиятельных композиторов СССР 1970-1980-х годов, сочетавший эстраду с роком.
A21: 21 | B21: Ян Абрамович Френкель | C21: 7631 | D21: 32745 | E21: Советский композитор-песенник, скрипач, певец и актер, народный артист СССР (1989). Его творчество отличается мелодизмом, душевностью и глубокой связью с фронтовой тематикой.
A22: 22 | B22: =music!B3 -> Анатолий Константинович Лядов | C22: 30.04.1855 | D22: 5310 | E22: Выдающийся русский композитор, дирижер и педагог, мастер музыкальной миниатюры и «русского импрессионизма». Почти всю жизнь преподавал в Петербургской консерватории (с 1878 года — профессор). Среди его учеников были такие величины, как Сергей Прокофьев и Николай Мясковский.
A23: 23 | B23: Георгий Васильевич Свиридов | C23: 5829 | D23: 35801 | E23: Советский и российский композитор, пианист, народный артист СССР. Ученик Д. Шостаковича, он известен уникальным стилем, сочетающим классические традиции с русской песенностью (новая фольклорная волна).
A24: 24 | B24: Исаак Осипович Дунаевский | C24: 31 | D24: 20295 | E24: Советский композитор и дирижёр, «советский Моцарт», народный артист РСФСР. Создатель жанра советской массовой песни и оперетты, чья музыка к фильмам «Веселые ребята», «Цирк», «Дети капитана Гранта» стала символом эпохи. Лауреат двух Сталинских премий.
A25: 25 | B25: Александр Васильевич Александров | C25: 01.04.1883 | D25: 16991 | E25: Советский композитор, хоровой дирижёр, педагог и генерал-майор (1943). Основатель и первый руководитель Краснознаменного ансамбля песни и пляски Советской Армии.
A26: 26 | B26: =music!B60 -> Марк Григорьевич Фрадкин | C26: 5225 | D26: 32967 | E26: Советский композитор, народный артист СССР (1985), автор популярных песен («Течёт Волга», «За того парня») и музыки к более чем 50 фильмам. Учился в Ленинградском театральном институте, в годы войны руководил фронтовыми ансамблями.
A27: 27 | B27: =music!B12 -> Константин Яковлевич Листов | C27: 263 | D27: 30565 | E27: Советский композитор, народный артист СССР. С 1923 года работал в Москве, писал музыку для театров, в том числе для Театра Революции. В 1930-е годы прославился как автор популярных массовых песен.
A28: 28 | B28: Вениамин Ефимович Баснер | C28: 9133 | D28: 35311 | E28: Советский и российский композитор, народный артист РСФСР, чьи мелодии стали настоящими символами эпохи. В.Е. Баснер написал саундтреки к более чем 100 кинофильмам.
A29: 29 | B29: Александра Николаевна Пахмутова | C29: 10906 | E29: Выдающийся советский и российский композитор, пианистка и общественный деятель.. Она написала более 400 песен, ставших музыкальным символом нескольких поколений
A30: 30 | B30: Юлий Абрамович Хайт | C30: 03.11.1897 | D30: 24447 | E30: Советский композитор, в 1923 получил известность как автор "Авиамарша". Судьба Ю.А. Хайта была тяжелой: он был репрессирован и провел несколько лет в заключении.
A31: 31 | B31: Вано Ильич Мурадели | C31: 3006 | D31: 25794 | E31: Композитор и дирижёр, Народный артист СССР (1968), лауреат двух Сталинских премий. Известен патриотическими песнями (гимн Севастополя), операми и симфоническими произведениями.
A32: 32 | B32: Владимир Георгиевич Мигуля | C32: 16667 | D32: 35111 | E32: Советский и российский композитор, пианист и певец, заслуженный деятель искусств РСФСР. Он стал автором множества хитов, вошедших в «золотой фонд» отечественной эстрады.
A33: 33 | B33: Оскар Борисович Фельцман | C33: 7720 | D33: 41308 | E33: Советский и российский композитор, пианист и певец, заслуженный деятель искусств РСФСР. Он стал автором множества хитов, вошедших в «золотой фонд» отечественной эстрады.
A34: 34 | B34: Тихон Николаевич Хренников | C34: 4897 | D34: 39308 | E34: Советский и российский композитор, пианист и педагог, на протяжении 43 лет (с 1948 по 1991 годы) бессменно возглавлявший Союз композиторов СССР.
A35: 35 | B35: Анатолий Григорьевич Новиков | C35: 18.10.1896 | D35: 30949 | E35: Советский композитор, хоровой дирижер и педагог, автор более 600 песен, ставших классикой советской эстрады. А.Г. Новикова называли "мастером массовой песни", его произведения исполняли ведущие артисты и хоры страны.
A36: 36 | B36: Юз Алешковский | C36: 10857 | D36: 44641 | E36: Советский и американский прозаик, поэт, сценарист и бард, известный как мастер лагерной прозы и сатиры. Писал детские книги и песни, популярные в самиздате.
A37: 37 | B37: Юрий Иванович Кирсанов | C37: 18903 | E37: Известный советский и российский автор-исполнитель, поэт и композитор, которого называют «родоначальником афганской авторской песни». Его произведения особенно популярны среди ветеранов.
A38: 38
A39: 39
A40: 40
A41: 41
A42: 42
A43: 43
A44: 44
A45: 45
A46: 46
A47: 47
A48: 48
A49: 49
... A67: 67
A68: 68 | B68: =music!B104 -> 0
A69: 69 | B69: =music!B105 -> 0
A70: 70 | B70: =music!B106 -> 0
A71: 71 | B71: =music!B107 -> 0
A72: 72 | B72: =music!B108 -> 0
A73: 73 | B73: =music!B109 -> 0
A74: 74 | B74: =music!B110 -> 0
A75: 75 | B75: =music!B111 -> 0
A76: 76 | B76: =music!B112 -> 0
A77: 77 | B77: =music!B113 -> 0
A78: 78 | B78: =music!B114 -> 0
A79: 79 | B79: =music!B115 -> 0
... A109: 109 | B109: =music!B145 -> 0

Sheet events
A1: Номер события | B1: Название | C1: Дата начала | D1: Дата окончания | E1: Краткое описание
A2: 1 | B2: Русско-японская война | C2: 08.02.1904 г. | D2: 05.09.1905 г. | E2: Русско-японская война (1904–1905) — конфликт за контроль над Маньчжурией и Кореей, завершившийся поражением Российской империи. Началась с внезапной атаки Японии на Порт-Артур 9 февраля 1904 года. Основные события: оборона Порт-Артура, сражения под Ляояном, при Шахэ, Мукдене и Цусимское сражение. Итог — Портсмутский мир, потеря Россией Порт-Артура и Южного Сахалина.
A3: 5 | B3: Первая мировая война | C3: 28.07.1914 г. | D3: 11.11.1918 г. | E3: Первая мировая война (1 августа 1914 — 11 ноября 1918) — один из самых масштабных конфликтов в истории человечества, в который было вовлечено 38 из 59 существовавших на тот момент независимых государств.
A4: 9 | B4: Галицийская операция | C4: 23.08.1914 г. | D4: 11.09.1914 г. | E4: Галицийская битва (18 августа — 21 сентября 1914 г.) — одна из крупнейших стратегических операций начального периода Первой мировой войны, завершившаяся крупной победой русской армии на Юго-Западном фронте.
A5: 21 | B5: Великая российская революция | C5: 23.02.1917 г. | D5: 06.01.1918 г. | E5: Великая российская революция (1917–1922) — единый, сложный процесс, охватывающий свержение монархии, два переворота 1917 года, Гражданскую войну и образование СССР. Она включила Февральскую революцию (падение самодержавия, Временное правительство) и Октябрьскую революцию (приход к власти большевиков), кардинально изменив мироустройство.
A6: 37 | B6: Принятие плана ГОЭЛРО | C6: 22.12.1920 г. | E6: План ГОЭЛРО (Государственный план электрификации России) был принят 22 декабря 1920 года на VIII Всероссийском съезде Советов. Это был первый перспективный план развития экономики страны, разработанный специальной комиссией под руководством Г.М. Кржижановского. План предусматривал масштабное строительство 30 электростанций за 10–15 лет.
A7: 38 | B7: Восстание Чехословацкого корпуса | C7: 17.05.1918 г. | D7: 25.05.1918 г. | E7: Восстание Чехословацкого корпуса (май — август 1918 г.) — это вооруженное выступление чехословацких легионеров против советской власти в ходе Гражданской войны в России, ставшее катализатором массового антибольшевистского движения на востоке страны.
A8: 40 | B8: Высадка французских интервентов в Одессе | C8: 02.12.1918 г. | D8: 04.12.1918 г. | E8: Высадка французских войск в Одессе началась 4 декабря 1918 года (по другим данным — 2 декабря 1918 года) в рамках интервенции Антанты на Юге России. Целью было поддержание порядка, борьба с большевизмом и помощь «белым» силам. Интервенты заняли город, сменив украинские войска, но уже весной 1919 года покинули его из-за неудач.
A9: 43 | B9: Отражение наступления войск Денкина на Москву | C9: 03.07.1919 г. | D9: 20.10.1919 г. | E9: Отражение наступления войск Деникина (Московский поход ВСЮР) осенью 1919 года стало переломным моментом Гражданской войны. Благодаря контрнаступлению Южного фронта РККА (начало — октябрь 1919), войска белых были остановлены под Орлом и Курском, а затем стремительно отброшены на юг, что привело к провалу похода и краху белого движения на юге России.
A10: 45 | B10: Разгром армии Врангеля в Крыму | C10: 07.11.1920 г. | D10: 17.11.1920 г. | E10: Разгром Русской армии генерала Врангеля в Крыму (ноябрь 1920 г.) — решающая операция Красной армии (РККА), завершившая Гражданскую войну в европейской части России. Через Перекопско-Чонгарскую операцию (7–17 ноября) РККА прорвала укрепления, заняла Крым, что привело к массовой эвакуации более 150 тыс. белых войск и беженцев.
A11: 46 | B11: Рижский мирный договор с Польшей | C11: 18.03.1921 г. | E11: Рижский мирный договор (18 марта 1921 г.) завершил советско-польскую войну (1919–1921), подписан РСФСР и УССР с Польшей. Он зафиксировал новую границу, по которой значительные территории Западной Украины и Западной Белоруссии отошли к Польше. Стороны обязались не вмешиваться во внутренние дела, соблюдать права нацменьшинств и обменяться культурными ценностями.
A12: 48 | B12: Изгнание белых и интервентов с Дальнего Востока | C12: 25.10.1922 г. | D12: 15.11.1922 г. | E12: Изгнание белых войск и иностранных интервентов с Дальнего Востока — это завершающий этап Гражданской войны в России, проходивший в 1920–1922 годах. Он ознаменовался разгромом белогвардейских формирований (колчаковцев, каппелевцев) и принуждением японских интервентов к выводу войск, что привело к советизации региона и окончательному объединению Дальнего Востока с РСФСР.
A13: 56 | B13: Первый полет АНТ-1, первого самолета ОКБ А.Н. Туполева | C13: 21.10.1923 г. | E13: 21 октября 1923 года состоялся первый полет АНТ-1, первого самолета, разработанного под руководством выдающегося советского авиаконструктора Андрея Николаевича Туполева. Это был одноместный спортивный моноплан смешанной конструкции, с которого началась история легендарного ОКБ Туполева, заложивший основу для создания цельнометаллических самолетов в СССР.
A14: 58 | B14: Смерть В. Ленина | C14: 21.01.1924 г. | E14: Владимир Ленин умер 21 января 1924 года в 18:50 в усадьбе Горки в возрасте 53 лет. Официальной причиной назван распространенный атеросклероз сосудов головного мозга на почве преждевременного изнашивания. Смерть наступила от кровоизлияния в мозг на фоне паралича дыхания и высокого повышения температуры (42°)
A15: 69 | B15: I Пятилетка | C15: 1928 г. | D15: 1932 г. | E15: Первая пятилетка (1928/29–1932/33) — стартовый план индустриализации СССР, направленный на превращение аграрной страны в индустриальную державу через форсированное развитие тяжелой промышленности.
A16: 107 | B16: Великая Отечественная война | C16: 22.06.1941 г. | D16: 09.05.1945 г. | E16: Великая Отечественная война (22 июня 1941 — 9 мая 1945) — самая кровопролитная война в истории СССР, часть Второй мировой, завершившаяся полным разгромом нацистской Германии. За 1418 дней Красная Армия отразила вторжение, освободила оккупированные территории и страны Европы, защитив суверенитет СССР, но потеряв при этом 26,6 млн человек
A17: 111 | B17: Блокада Ленинграда | C17: 08.09.1941 г. | D17: 27.01.1944 г. | E17: Блокада Ленинграда (8 сентября 1941 — 27 января 1944) — это 872 дня осады города немецкими войсками во время Великой Отечественной войны. Город был отрезан от мира, страдая от страшного голода, бомбежек и холода, унеся жизни от 800 тыс. до 1,5 млн человек, но выстоял, став символом беспрецедентного мужества
A18: 112 | B18: Московская битва | C18: 30.09.1941 г. | D18: 20.04.1942 г. | E18: Битва за Москву (30 сентября 1941 — 20 апреля 1942) — одно из самых масштабных сражений Второй мировой войны, в ходе которого Красная армия нанесла первое крупное стратегическое поражение вермахту и окончательно сорвала гитлеровский план «молниеносной войны»
A19: 120 | B19: Сталинградская битва | C19: 17.07.1942 г. | D19: 02.02.1943 г. | E19: Сталинградская битва (17 июля 1942 — 2 февраля 1943) — одно из крупнейших и решающих сражений Второй мировой войны, завершившееся полной победой СССР. 200-дневная битва на Волге и Дону переломила ход войны, остановив германское наступление и начав масштабное изгнание захватчиков. Крупнейший город был практически разрушен, но бои за каждый дом вымотали вермахт.
A20: 126 | B20: Курская битва | C20: 05.07.1943 г. | D20: 23.08.1943 г. | E20: Курская битва (5 июля — 23 августа 1943 г.) — одно из решающих сражений Великой Отечественной войны, сорвавшее последнее крупное наступление вермахта (операция «Цитадель»). В ходе 50-дневной битвы на Курской дуге Красная Армия перехватила стратегическую инициативу, окончательно закрепив перелом в войне. Сражение известно масштабным танковым боем под Прохоровкой
A21: 134 | B21: Битва за Берлин | C21: 16.04.1945 г. | D21: 02.05.1945 г. | E21: Битва за Берлин (16 апреля – 8 мая 1945 г.) — финальная стратегическая операция Красной Армии, одна из самых крупных и кровопролитных в истории, приведшая к падению столицы Третьего рейха, краху Германии и победе в Великой Отечественной войне. Советские войска (1-й Белорусский, 1-й Украинский, 2-й Белорусский фронты) прорвали оборону, окружили миллионную группировку и штурмом взяли город, 2 мая гарнизон сдался.
A22: 142 | B22: Первое успешное испытание советской атомной бомбы (РДС-1) | C22: 29.08.1949 г | E22: Первое успешное испытание советской атомной бомбы РДС-1 («Реактивный двигатель специальный», изделие 501) состоялось 29 августа 1949 года в 07:00 по местному времени на специально созданном Семипалатинском полигоне № 2 в Казахской ССР. Это событие положило конец атомной монополии США и стало началом новой эпохи в холодной войне
A23: 143 | B23: Первый искусственный спутник Земли | C23: 04.10.1957 г. | E23: «Спутник-1», запущенный СССР 4 октября 1957 года, стал первым искусственным аппаратом на орбите Земли, положив начало космической эре. Это был алюминиевый шар диаметром 58 см и массой 83,6 кг с четырьмя антеннами, который излучал радиосигналы («бип-бип») в течение 21 дня, совершив 1440 оборотов за 92 дня полета.
A24: 160 | B24: Никита Сергеевич Хрущёв был назначен Председателем Совета министров СССР | C24: 27.02.1958 г. | E24: Никита Сергеевич Хрущёв был назначен Председателем Совета министров СССР 27 марта 1958 года. Совместив этот пост с должностью Первого секретаря ЦК КПСС (которую занимал с 1953 года), он стал совмещать высшую партийную и государственную власть в стране, оставаясь на обоих постах до своей отставки в октябре 1964 года.
A25: 163 | B25: Полет Юрия Гагарина в космос | C25: 12.04.1961 г. | E25: 12 апреля 1961 года советский летчик Юрий Гагарин совершил первый в истории человечества полет в космос. На корабле «Восток-1», стартовавшем с Байконура, он облетел Землю за 108 минут и успешно приземлился в Саратовской области. Этот подвиг открыл эру пилотируемых космических полетов.
A26: 165 | B26: Сборная СССР по футболу выигрывала олимпийское золото в Мельбурне | C26: 08.12.1956 г. | E26: Сборная СССР по футболу выиграла золотые медали на XVI летних Олимпийских играх 1956 года в Мельбурне (Австралия), что стало первым крупным международным триумфом советского футбола. Турнир проходил в непростых условиях из-за политической обстановки и укороченного формата, но советская команда под руководством тренера Гавриила Качалина продемонстрировала характер и мастерство.
A27: 167 | B27: VI Всемирный фестиваль молодёжи и студентов проходил в Москве | C27: 28.07.1957 г. | D27: 11.08.1957 г. | E27: VI Всемирный фестиваль молодёжи и студентов (ВФМС) проходил в Москве с 28 июля по 11 августа 1957 года, став самым масштабным в истории (34 тыс. участников из 131 страны). Фестиваль под лозунгом «За мир и дружбу» символизировал начало «оттепели», привнеся в СССР новую моду (джинсы), культуру (джаз) и открытость в общении.
A28: 192 | B28: Советские войска вошли в Афганистан | C28: 25.12.1979 г. | E28: Ввод советских войск в Афганистан начался 25 декабря 1979 года. Ограниченный контингент (40-я армия) был введен по решению Политбюро ЦК КПСС для поддержки правительства НДПА в условиях гражданской войны. Конфликт продлился более 9 лет, до 15 февраля 1989 года, став крупнейшим военным вмешательством СССР после Второй мировой войны.
A29: 221 | B29: XXII Летние Олимпийские игры | C29: 19.07.1980 г. | D29: 03.08.1980 г. | E29: XXII Летние Олимпийские игры проходили с 19 июля по 3 августа 1980 года в Москве, СССР. Это были первые Игры в Восточной Европе и социалистической стране. Несмотря на бойкот более 60 стран, в соревнованиях приняли участие атлеты из 80 государств. СССР занял первое место в общекомандном зачёте
